"ID","PW","NAME","GENDER","EMAIL","MOBILE","PHONE","ZIP","ROAD_ADDRESS","JIBUN_ADDRESS","DETAIL_ADDRESS","BIRTHDAY","JOINDATE"
"mbc_1065","#Abcd1234","고민재","f","mbc_65@abcd.com","010-1234-1065","02-860-1234","08288","서울특별시 구로구 새말로 93 (구로동, 신도림태영타운)","서울특별시 구로구 구로동 1267 신도림태영타운","103동 1115호",99/05/10,22/07/28
"mbc_1066","#Abcd1234","윤민한","m","mbc_66@abcd.com","010-1234-1066","02-860-1234","07376","서울특별시 영등포구 도신로 31 (대림동, 현대3차아파트)","서울특별시 영등포구 대림동 608-1 현대3차아파트","304동 2407호",26/09/17,23/10/28
"mbc_1067","#Abcd1234","오이정","f","mbc_67@abcd.com","010-1234-1067","02-860-1234","08291","서울특별시 구로구 새말로9길 45 (구로동, 신도림현대아파트)","서울특별시 구로구 구로동 560 신도림현대아파트","101동 1203호",22/10/01,11/03/04
"mbc_1068","#Abcd1234","한상수","m","mbc_68@abcd.com","010-1234-1068","02-860-1234","08208","서울특별시 구로구 경인로65길 16-15 (신도림동, 신도림4차 e-편한세상)","서울특별시 구로구 신도림동 646 신도림4차 e-편한세상","1103동 2415호",08/02/09,23/02/20
"mbc_1069","#Abcd1234","성구희","m","mbc_69@abcd.com","010-1234-1069","02-860-1234","08291","서울특별시 구로구 새말로9길 45 (구로동, 신도림현대아파트)","서울특별시 구로구 구로동 560 신도림현대아파트","102동 1714호",22/05/18,15/07/19
"mbc_1070","#Abcd1234","정구연","f","mbc_70@abcd.com","010-1234-1070","02-860-1234","08288","서울특별시 구로구 새말로 93 (구로동, 신도림태영타운)","서울특별시 구로구 구로동 1267 신도림태영타운","112동 1618호",96/02/11,20/11/04
"mbc_1071","#Abcd1234","손이철","f","mbc_71@abcd.com","010-1234-1071","02-860-1234","08288","서울특별시 구로구 새말로 93 (구로동, 신도림태영타운)","서울특별시 구로구 구로동 1267 신도림태영타운","105동 1512호",05/08/15,21/11/04
"mbc_1072","#Abcd1234","선우이한","f","mbc_72@abcd.com","010-1234-1072","02-860-1234","08750","서울특별시 관악구 봉천로 387 (봉천동, 두산아파트)","서울특별시 관악구 봉천동 1708 두산아파트","113동 1403호",79/08/07,14/09/23
"mbc_1073","#Abcd1234","서문원석","m","mbc_73@abcd.com","010-1234-1073","02-860-1234","08208","서울특별시 구로구 경인로65길 16-15 (신도림동, 신도림4차 e-편한세상)","서울특별시 구로구 신도림동 646 신도림4차 e-편한세상","1109동 1315호",21/04/21,15/12/18
"mbc_1074","#Abcd1234","임원민","f","mbc_74@abcd.com","010-1234-1074","02-860-1234","08750","서울특별시 관악구 봉천로 387 (봉천동, 두산아파트)","서울특별시 관악구 봉천동 1708 두산아파트","103동 1102호",53/07/25,24/04/01
"mbc_1075","#Abcd1234","배승섭","f","mbc_75@abcd.com","010-1234-1075","02-860-1234","08845","서울특별시 관악구 신림로29길 8 (신림동, 신림현대아파트)","서울특별시 관악구 신림동 1694 신림현대아파트","110동 1206호",25/09/21,22/08/12
"mbc_1076","#Abcd1234","오이제","f","mbc_76@abcd.com","010-1234-1076","02-860-1234","08208","서울특별시 구로구 경인로65길 16-15 (신도림동, 신도림4차 e-편한세상)","서울특별시 구로구 신도림동 646 신도림4차 e-편한세상","1106동 1113호",25/07/28,18/02/14
"mbc_1077","#Abcd1234","조순수","m","mbc_77@abcd.com","010-1234-1077","02-860-1234","08288","서울특별시 구로구 새말로 93 (구로동, 신도림태영타운)","서울특별시 구로구 구로동 1267 신도림태영타운","108동 1015호",08/10/07,13/02/02
"mbc_1078","#Abcd1234","권성빈","f","mbc_78@abcd.com","010-1234-1078","02-860-1234","08288","서울특별시 구로구 새말로 93 (구로동, 신도림태영타운)","서울특별시 구로구 구로동 1267 신도림태영타운","112동 1104호",14/05/12,15/04/14
"mbc_1079","#Abcd1234","하숙한","f","mbc_79@abcd.com","010-1234-1079","02-860-1234","08770","서울특별시 관악구 남부순환로 1430 (신림동, 신림푸르지오아파트)","서울특별시 관악구 신림동 1730 신림푸르지오아파트","116동 1603호",01/07/30,13/05/18
"mbc_1080","#Abcd1234","차정수","f","mbc_80@abcd.com","010-1234-1080","02-860-1234","08208","서울특별시 구로구 경인로65길 16-15 (신도림동, 신도림4차 e-편한세상)","서울특별시 구로구 신도림동 646 신도림4차 e-편한세상","1105동 2408호",04/11/17,10/02/01
"mbc_1081","#Abcd1234","고희수","m","mbc_81@abcd.com","010-1234-1081","02-860-1234","07376","서울특별시 영등포구 도신로 31 (대림동, 현대3차아파트)","서울특별시 영등포구 대림동 608-1 현대3차아파트","306동 2603호",82/07/18,18/10/15
"mbc_1082","#Abcd1234","구구준","m","mbc_82@abcd.com","010-1234-1082","02-860-1234","08750","서울특별시 관악구 봉천로 387 (봉천동, 두산아파트)","서울특별시 관악구 봉천동 1708 두산아파트","112동 1118호",52/12/13,14/09/11
"mbc_1083","#Abcd1234","강운한","f","mbc_83@abcd.com","010-1234-1083","02-860-1234","08845","서울특별시 관악구 신림로29길 8 (신림동, 신림현대아파트)","서울특별시 관악구 신림동 1694 신림현대아파트","102동 1203호",72/04/14,11/03/16
"mbc_1084","#Abcd1234","송우한","f","mbc_84@abcd.com","010-1234-1084","02-860-1234","08291","서울특별시 구로구 새말로9길 45 (구로동, 신도림현대아파트)","서울특별시 구로구 구로동 560 신도림현대아파트","102동 1117호",50/12/18,17/11/12
"mbc_1085","#Abcd1234","강강수","m","mbc_85@abcd.com","010-1234-1085","02-860-1234","08291","서울특별시 구로구 새말로9길 45 (구로동, 신도림현대아파트)","서울특별시 구로구 구로동 560 신도림현대아파트","103동 1913호",76/03/18,23/12/26
"mbc_1086","#Abcd1234","서문운주","m","mbc_86@abcd.com","010-1234-1086","02-860-1234","08288","서울특별시 구로구 새말로 93 (구로동, 신도림태영타운)","서울특별시 구로구 구로동 1267 신도림태영타운","105동 1407호",01/03/26,17/06/05
"mbc_1087","#Abcd1234","선우구준","m","mbc_87@abcd.com","010-1234-1087","02-860-1234","07376","서울특별시 영등포구 도신로 31 (대림동, 현대3차아파트)","서울특별시 영등포구 대림동 608-1 현대3차아파트","305동 3015호",11/06/13,11/08/20
"mbc_1088","#Abcd1234","장이민","f","mbc_88@abcd.com","010-1234-1088","02-860-1234","08208","서울특별시 구로구 경인로65길 16-15 (신도림동, 신도림4차 e-편한세상)","서울특별시 구로구 신도림동 646 신도림4차 e-편한세상","1104동 2404호",22/03/16,20/02/05
"mbc_1089","#Abcd1234","노영연","f","mbc_89@abcd.com","010-1234-1089","02-860-1234","08291","서울특별시 구로구 새말로9길 45 (구로동, 신도림현대아파트)","서울특별시 구로구 구로동 560 신도림현대아파트","103동 1216호",95/11/05,18/12/08
"mbc_1090","#Abcd1234","홍민한","m","mbc_90@abcd.com","010-1234-1090","02-860-1234","08291","서울특별시 구로구 새말로9길 45 (구로동, 신도림현대아파트)","서울특별시 구로구 구로동 560 신도림현대아파트","102동 1201호",59/08/17,20/04/24
"mbc_1091","#Abcd1234","제갈이제","f","mbc_91@abcd.com","010-1234-1091","02-860-1234","07376","서울특별시 영등포구 도신로 31 (대림동, 현대3차아파트)","서울특별시 영등포구 대림동 608-1 현대3차아파트","303동 2708호",92/08/24,21/11/23
"mbc_1092","#Abcd1234","하만수","m","mbc_92@abcd.com","010-1234-1092","02-860-1234","08750","서울특별시 관악구 봉천로 387 (봉천동, 두산아파트)","서울특별시 관악구 봉천동 1708 두산아파트","102동 1115호",35/10/17,11/04/08
"mbc_1093","#Abcd1234","장민수","m","mbc_93@abcd.com","010-1234-1093","02-860-1234","08208","서울특별시 구로구 경인로65길 16-15 (신도림동, 신도림4차 e-편한세상)","서울특별시 구로구 신도림동 646 신도림4차 e-편한세상","1105동 2315호",30/10/30,15/11/25
"mbc_1094","#Abcd1234","심희섭","m","mbc_94@abcd.com","010-1234-1094","02-860-1234","08208","서울특별시 구로구 경인로65길 16-15 (신도림동, 신도림4차 e-편한세상)","서울특별시 구로구 신도림동 646 신도림4차 e-편한세상","1109동 2104호",20/08/16,23/02/02
"mbc_1095","#Abcd1234","구선한","f","mbc_95@abcd.com","010-1234-1095","02-860-1234","08208","서울특별시 구로구 경인로65길 16-15 (신도림동, 신도림4차 e-편한세상)","서울특별시 구로구 신도림동 646 신도림4차 e-편한세상","1111동 2405호",60/08/02,21/03/04
"mbc_1096","#Abcd1234","정선한","f","mbc_96@abcd.com","010-1234-1096","02-860-1234","08750","서울특별시 관악구 봉천로 387 (봉천동, 두산아파트)","서울특별시 관악구 봉천동 1708 두산아파트","113동 1305호",96/11/18,23/10/22
"mbc_1033","#Abcd1234","독고선준","f","mbc_33@abcd.com","010-1234-1033","02-860-1234","07376","서울특별시 영등포구 도신로 31 (대림동, 현대3차아파트)","서울특별시 영등포구 대림동 608-1 현대3차아파트","304동 2908호",42/02/05,13/06/14
"mbc_1034","#Abcd1234","독고선빈","f","mbc_34@abcd.com","010-1234-1034","02-860-1234","08291","서울특별시 구로구 새말로9길 45 (구로동, 신도림현대아파트)","서울특별시 구로구 구로동 560 신도림현대아파트","102동 1518호",74/09/29,13/09/02
"mbc_1035","#Abcd1234","정원철","f","mbc_35@abcd.com","010-1234-1035","02-860-1234","08750","서울특별시 관악구 봉천로 387 (봉천동, 두산아파트)","서울특별시 관악구 봉천동 1708 두산아파트","108동 1406호",74/01/17,18/04/18
"mbc_1036","#Abcd1234","남궁원수","m","mbc_36@abcd.com","010-1234-1036","02-860-1234","08288","서울특별시 구로구 새말로 93 (구로동, 신도림태영타운)","서울특별시 구로구 구로동 1267 신도림태영타운","105동 1512호",54/07/30,10/02/03
"mbc_1037","#Abcd1234","서갑제","m","mbc_37@abcd.com","010-1234-1037","02-860-1234","07376","서울특별시 영등포구 도신로 31 (대림동, 현대3차아파트)","서울특별시 영등포구 대림동 608-1 현대3차아파트","306동 1916호",28/10/19,15/08/19
"mbc_1038","#Abcd1234","제갈강재","m","mbc_38@abcd.com","010-1234-1038","02-860-1234","08288","서울특별시 구로구 새말로 93 (구로동, 신도림태영타운)","서울특별시 구로구 구로동 1267 신도림태영타운","107동 1502호",46/08/10,13/11/27
"mbc_1039","#Abcd1234","곽희영","f","mbc_39@abcd.com","010-1234-1039","02-860-1234","08208","서울특별시 구로구 경인로65길 16-15 (신도림동, 신도림4차 e-편한세상)","서울특별시 구로구 신도림동 646 신도림4차 e-편한세상","1109동 2114호",20/04/24,13/08/29
"mbc_1040","#Abcd1234","선우나영","m","mbc_40@abcd.com","010-1234-1040","02-860-1234","07376","서울특별시 영등포구 도신로 31 (대림동, 현대3차아파트)","서울특별시 영등포구 대림동 608-1 현대3차아파트","305동 2512호",23/07/29,22/10/16
"mbc_1041","#Abcd1234","남나철","m","mbc_41@abcd.com","010-1234-1041","02-860-1234","08288","서울특별시 구로구 새말로 93 (구로동, 신도림태영타운)","서울특별시 구로구 구로동 1267 신도림태영타운","103동 1513호",22/06/19,18/01/03
"mbc_1042","#Abcd1234","전강한","f","mbc_42@abcd.com","010-1234-1042","02-860-1234","08288","서울특별시 구로구 새말로 93 (구로동, 신도림태영타운)","서울특별시 구로구 구로동 1267 신도림태영타운","109동 1502호",04/05/25,17/06/27
"mbc_1043","#Abcd1234","권영주","m","mbc_43@abcd.com","010-1234-1043","02-860-1234","08208","서울특별시 구로구 경인로65길 16-15 (신도림동, 신도림4차 e-편한세상)","서울특별시 구로구 신도림동 646 신도림4차 e-편한세상","1109동 1915호",92/05/30,17/08/26
"mbc_1044","#Abcd1234","도강희","f","mbc_44@abcd.com","010-1234-1044","02-860-1234","08845","서울특별시 관악구 신림로29길 8 (신림동, 신림현대아파트)","서울특별시 관악구 신림동 1694 신림현대아파트","109동 1203호",80/10/24,18/09/26
"mbc_1045","#Abcd1234","곽나철","f","mbc_45@abcd.com","010-1234-1045","02-860-1234","08288","서울특별시 구로구 새말로 93 (구로동, 신도림태영타운)","서울특별시 구로구 구로동 1267 신도림태영타운","102동 1106호",73/11/04,19/02/15
"mbc_1046","#Abcd1234","성희영","f","mbc_46@abcd.com","010-1234-1046","02-860-1234","08845","서울특별시 관악구 신림로29길 8 (신림동, 신림현대아파트)","서울특별시 관악구 신림동 1694 신림현대아파트","110동 1303호",48/10/28,13/08/29
"mbc_1047","#Abcd1234","고나민","m","mbc_47@abcd.com","010-1234-1047","02-860-1234","07376","서울특별시 영등포구 도신로 31 (대림동, 현대3차아파트)","서울특별시 영등포구 대림동 608-1 현대3차아파트","304동 3016호",04/07/18,19/11/06
"mbc_1048","#Abcd1234","권우준","f","mbc_48@abcd.com","010-1234-1048","02-860-1234","08750","서울특별시 관악구 봉천로 387 (봉천동, 두산아파트)","서울특별시 관악구 봉천동 1708 두산아파트","102동 1111호",60/11/02,20/07/15
"mbc_1049","#Abcd1234","강순훈","f","mbc_49@abcd.com","010-1234-1049","02-860-1234","07376","서울특별시 영등포구 도신로 31 (대림동, 현대3차아파트)","서울특별시 영등포구 대림동 608-1 현대3차아파트","301동 1816호",92/10/06,14/04/10
"mbc_1050","#Abcd1234","도남영","f","mbc_50@abcd.com","010-1234-1050","02-860-1234","08845","서울특별시 관악구 신림로29길 8 (신림동, 신림현대아파트)","서울특별시 관악구 신림동 1694 신림현대아파트","107동 1205호",61/08/16,23/02/03
"mbc_1051","#Abcd1234","소성수","m","mbc_51@abcd.com","010-1234-1051","02-860-1234","08208","서울특별시 구로구 경인로65길 16-15 (신도림동, 신도림4차 e-편한세상)","서울특별시 구로구 신도림동 646 신도림4차 e-편한세상","1112동 2315호",38/04/05,17/09/15
"mbc_1052","#Abcd1234","손원준","m","mbc_52@abcd.com","010-1234-1052","02-860-1234","08750","서울특별시 관악구 봉천로 387 (봉천동, 두산아파트)","서울특별시 관악구 봉천동 1708 두산아파트","103동 1303호",94/06/03,17/09/07
"mbc_1053","#Abcd1234","박이주","m","mbc_53@abcd.com","010-1234-1053","02-860-1234","07376","서울특별시 영등포구 도신로 31 (대림동, 현대3차아파트)","서울특별시 영등포구 대림동 608-1 현대3차아파트","301동 1801호",98/05/13,23/02/28
"mbc_1054","#Abcd1234","제갈민환","m","mbc_54@abcd.com","010-1234-1054","02-860-1234","08288","서울특별시 구로구 새말로 93 (구로동, 신도림태영타운)","서울특별시 구로구 구로동 1267 신도림태영타운","104동 1413호",66/02/21,16/08/26
"mbc_1055","#Abcd1234","한나준","f","mbc_55@abcd.com","010-1234-1055","02-860-1234","08845","서울특별시 관악구 신림로29길 8 (신림동, 신림현대아파트)","서울특별시 관악구 신림동 1694 신림현대아파트","102동 1212호",01/09/22,23/12/24
"mbc_1056","#Abcd1234","류희순","f","mbc_56@abcd.com","010-1234-1056","02-860-1234","08770","서울특별시 관악구 남부순환로 1430 (신림동, 신림푸르지오아파트)","서울특별시 관악구 신림동 1730 신림푸르지오아파트","102동 1917호",94/07/08,12/05/18
"mbc_1057","#Abcd1234","서영영","m","mbc_57@abcd.com","010-1234-1057","02-860-1234","08208","서울특별시 구로구 경인로65길 16-15 (신도림동, 신도림4차 e-편한세상)","서울특별시 구로구 신도림동 646 신도림4차 e-편한세상","1107동 1611호",01/10/12,22/10/19
"mbc_1058","#Abcd1234","한선민","f","mbc_58@abcd.com","010-1234-1058","02-860-1234","08770","서울특별시 관악구 남부순환로 1430 (신림동, 신림푸르지오아파트)","서울특별시 관악구 신림동 1730 신림푸르지오아파트","107동 1218호",60/06/01,12/07/10
"mbc_1059","#Abcd1234","선우승수","f","mbc_59@abcd.com","010-1234-1059","02-860-1234","08845","서울특별시 관악구 신림로29길 8 (신림동, 신림현대아파트)","서울특별시 관악구 신림동 1694 신림현대아파트","106동 1104호",13/04/25,10/11/08
"mbc_1060","#Abcd1234","신순석","f","mbc_60@abcd.com","010-1234-1060","02-860-1234","07376","서울특별시 영등포구 도신로 31 (대림동, 현대3차아파트)","서울특별시 영등포구 대림동 608-1 현대3차아파트","303동 2313호",41/12/11,15/05/17
"mbc_1061","#Abcd1234","송순석","m","mbc_61@abcd.com","010-1234-1061","02-860-1234","08288","서울특별시 구로구 새말로 93 (구로동, 신도림태영타운)","서울특별시 구로구 구로동 1267 신도림태영타운","107동 1311호",07/08/04,23/01/12
"mbc_1062","#Abcd1234","문원환","m","mbc_62@abcd.com","010-1234-1062","02-860-1234","08750","서울특별시 관악구 봉천로 387 (봉천동, 두산아파트)","서울특별시 관악구 봉천동 1708 두산아파트","108동 1403호",51/04/26,14/02/14
"mbc_1063","#Abcd1234","최승정","m","mbc_63@abcd.com","010-1234-1063","02-860-1234","08208","서울특별시 구로구 경인로65길 16-15 (신도림동, 신도림4차 e-편한세상)","서울특별시 구로구 신도림동 646 신도림4차 e-편한세상","1110동 1313호",48/04/16,11/08/07
"mbc_1064","#Abcd1234","독고희민","f","mbc_64@abcd.com","010-1234-1064","02-860-1234","08208","서울특별시 구로구 경인로65길 16-15 (신도림동, 신도림4차 e-편한세상)","서울특별시 구로구 신도림동 646 신도림4차 e-편한세상","1112동 2017호",15/11/10,16/08/09
"mbc_1001","#Abcd1234","송상주","m","mbc_1@abcd.com","010-1234-1001","02-860-1234","08288","서울특별시 구로구 새말로 93 (구로동, 신도림태영타운)","서울특별시 구로구 구로동 1267 신도림태영타운","111동 1006호",07/08/24,12/03/18
"mbc_1002","#Abcd1234","도영환","f","mbc_2@abcd.com","010-1234-1002","02-860-1234","08288","서울특별시 구로구 새말로 93 (구로동, 신도림태영타운)","서울특별시 구로구 구로동 1267 신도림태영타운","108동 1216호",07/05/03,19/01/05
"mbc_1003","#Abcd1234","이승준","f","mbc_3@abcd.com","010-1234-1003","02-860-1234","07376","서울특별시 영등포구 도신로 31 (대림동, 현대3차아파트)","서울특별시 영등포구 대림동 608-1 현대3차아파트","304동 1417호",13/10/28,12/02/23
"mbc_1004","#Abcd1234","하정민","m","mbc_4@abcd.com","010-1234-1004","02-860-1234","08750","서울특별시 관악구 봉천로 387 (봉천동, 두산아파트)","서울특별시 관악구 봉천동 1708 두산아파트","108동 1412호",98/03/20,21/09/16
"mbc_1005","#Abcd1234","정강연","m","mbc_5@abcd.com","010-1234-1005","02-860-1234","07376","서울특별시 영등포구 도신로 31 (대림동, 현대3차아파트)","서울특별시 영등포구 대림동 608-1 현대3차아파트","302동 2818호",89/12/15,22/02/25
"mbc_1006","#Abcd1234","류성석","f","mbc_6@abcd.com","010-1234-1006","02-860-1234","08770","서울특별시 관악구 남부순환로 1430 (신림동, 신림푸르지오아파트)","서울특별시 관악구 신림동 1730 신림푸르지오아파트","123동 1713호",30/10/22,22/06/11
"mbc_1007","#Abcd1234","전선인","f","mbc_7@abcd.com","010-1234-1007","02-860-1234","08288","서울특별시 구로구 새말로 93 (구로동, 신도림태영타운)","서울특별시 구로구 구로동 1267 신도림태영타운","107동 1513호",53/04/28,22/02/28
"mbc_1008","#Abcd1234","배강민","f","mbc_8@abcd.com","010-1234-1008","02-860-1234","08750","서울특별시 관악구 봉천로 387 (봉천동, 두산아파트)","서울특별시 관악구 봉천동 1708 두산아파트","105동 1201호",81/12/11,19/03/17
"mbc_1009","#Abcd1234","서구섭","m","mbc_9@abcd.com","010-1234-1009","02-860-1234","08208","서울특별시 구로구 경인로65길 16-15 (신도림동, 신도림4차 e-편한세상)","서울특별시 구로구 신도림동 646 신도림4차 e-편한세상","1104동 1313호",08/09/04,14/05/22
"mbc_1010","#Abcd1234","민선한","f","mbc_10@abcd.com","010-1234-1010","02-860-1234","08770","서울특별시 관악구 남부순환로 1430 (신림동, 신림푸르지오아파트)","서울특별시 관악구 신림동 1730 신림푸르지오아파트","122동 1301호",66/02/17,15/08/28
"mbc_1011","#Abcd1234","독고남석","f","mbc_11@abcd.com","010-1234-1011","02-860-1234","08288","서울특별시 구로구 새말로 93 (구로동, 신도림태영타운)","서울특별시 구로구 구로동 1267 신도림태영타운","102동 1619호",59/01/05,15/08/22
"mbc_1012","#Abcd1234","임강민","m","mbc_12@abcd.com","010-1234-1012","02-860-1234","08291","서울특별시 구로구 새말로9길 45 (구로동, 신도림현대아파트)","서울특별시 구로구 구로동 560 신도림현대아파트","102동 1014호",90/05/12,13/05/13
"mbc_1013","#Abcd1234","신나주","m","mbc_13@abcd.com","010-1234-1013","02-860-1234","08208","서울특별시 구로구 경인로65길 16-15 (신도림동, 신도림4차 e-편한세상)","서울특별시 구로구 신도림동 646 신도림4차 e-편한세상","1113동 2215호",03/02/24,18/06/14
"mbc_1014","#Abcd1234","황보숙인","m","mbc_14@abcd.com","010-1234-1014","02-860-1234","08750","서울특별시 관악구 봉천로 387 (봉천동, 두산아파트)","서울특별시 관악구 봉천동 1708 두산아파트","103동 1203호",22/09/16,21/01/03
"mbc_1015","#Abcd1234","민민민","f","mbc_15@abcd.com","010-1234-1015","02-860-1234","08770","서울특별시 관악구 남부순환로 1430 (신림동, 신림푸르지오아파트)","서울특별시 관악구 신림동 1730 신림푸르지오아파트","104동 1108호",18/09/11,17/01/20
"mbc_1016","#Abcd1234","홍구석","f","mbc_16@abcd.com","010-1234-1016","02-860-1234","08208","서울특별시 구로구 경인로65길 16-15 (신도림동, 신도림4차 e-편한세상)","서울특별시 구로구 신도림동 646 신도림4차 e-편한세상","1115동 2308호",21/06/14,16/05/02
"mbc_1017","#Abcd1234","이우수","f","mbc_17@abcd.com","010-1234-1017","02-860-1234","08770","서울특별시 관악구 남부순환로 1430 (신림동, 신림푸르지오아파트)","서울특별시 관악구 신림동 1730 신림푸르지오아파트","105동 1812호",18/02/19,22/03/27
"mbc_1018","#Abcd1234","홍순훈","m","mbc_18@abcd.com","010-1234-1018","02-860-1234","08288","서울특별시 구로구 새말로 93 (구로동, 신도림태영타운)","서울특별시 구로구 구로동 1267 신도림태영타운","108동 1312호",27/11/12,17/11/21
"mbc_1019","#Abcd1234","신희재","m","mbc_19@abcd.com","010-1234-1019","02-860-1234","08291","서울특별시 구로구 새말로9길 45 (구로동, 신도림현대아파트)","서울특별시 구로구 구로동 560 신도림현대아파트","103동 1307호",13/08/15,11/06/19
"mbc_1020","#Abcd1234","이희순","m","mbc_20@abcd.com","010-1234-1020","02-860-1234","08288","서울특별시 구로구 새말로 93 (구로동, 신도림태영타운)","서울특별시 구로구 구로동 1267 신도림태영타운","111동 1205호",61/07/08,15/01/19
"mbc_1021","#Abcd1234","제갈나철","f","mbc_21@abcd.com","010-1234-1021","02-860-1234","08291","서울특별시 구로구 새말로9길 45 (구로동, 신도림현대아파트)","서울특별시 구로구 구로동 560 신도림현대아파트","102동 1402호",15/11/28,11/06/23
"mbc_1022","#Abcd1234","유남정","f","mbc_22@abcd.com","010-1234-1022","02-860-1234","08288","서울특별시 구로구 새말로 93 (구로동, 신도림태영타운)","서울특별시 구로구 구로동 1267 신도림태영타운","108동 1613호",22/02/17,17/12/05
"mbc_1023","#Abcd1234","류이인","m","mbc_23@abcd.com","010-1234-1023","02-860-1234","08845","서울특별시 관악구 신림로29길 8 (신림동, 신림현대아파트)","서울특별시 관악구 신림동 1694 신림현대아파트","108동 1102호",91/08/21,23/06/17
"mbc_1024","#Abcd1234","민이영","m","mbc_24@abcd.com","010-1234-1024","02-860-1234","08750","서울특별시 관악구 봉천로 387 (봉천동, 두산아파트)","서울특별시 관악구 봉천동 1708 두산아파트","102동 1205호",17/09/26,14/08/16
"mbc_1025","#Abcd1234","서선재","m","mbc_25@abcd.com","010-1234-1025","02-860-1234","08750","서울특별시 관악구 봉천로 387 (봉천동, 두산아파트)","서울특별시 관악구 봉천동 1708 두산아파트","103동 1115호",49/04/11,16/05/05
"mbc_1026","#Abcd1234","남궁나철","f","mbc_26@abcd.com","010-1234-1026","02-860-1234","08208","서울특별시 구로구 경인로65길 16-15 (신도림동, 신도림4차 e-편한세상)","서울특별시 구로구 신도림동 646 신도림4차 e-편한세상","1105동 2402호",62/03/03,18/02/19
"mbc_1027","#Abcd1234","추원빈","m","mbc_27@abcd.com","010-1234-1027","02-860-1234","08291","서울특별시 구로구 새말로9길 45 (구로동, 신도림현대아파트)","서울특별시 구로구 구로동 560 신도림현대아파트","103동 1511호",77/05/04,18/03/18
"mbc_1028","#Abcd1234","주선주","f","mbc_28@abcd.com","010-1234-1028","02-860-1234","08845","서울특별시 관악구 신림로29길 8 (신림동, 신림현대아파트)","서울특별시 관악구 신림동 1694 신림현대아파트","105동 1119호",03/05/12,19/11/17
"mbc_1029","#Abcd1234","곽순연","m","mbc_29@abcd.com","010-1234-1029","02-860-1234","08208","서울특별시 구로구 경인로65길 16-15 (신도림동, 신도림4차 e-편한세상)","서울특별시 구로구 신도림동 646 신도림4차 e-편한세상","1109동 1205호",06/05/24,19/06/04
"mbc_1030","#Abcd1234","류선순","f","mbc_30@abcd.com","010-1234-1030","02-860-1234","08288","서울특별시 구로구 새말로 93 (구로동, 신도림태영타운)","서울특별시 구로구 구로동 1267 신도림태영타운","107동 1218호",09/07/12,14/07/13
"mbc_1031","#Abcd1234","손순훈","f","mbc_31@abcd.com","010-1234-1031","02-860-1234","08750","서울특별시 관악구 봉천로 387 (봉천동, 두산아파트)","서울특별시 관악구 봉천동 1708 두산아파트","108동 1212호",54/10/28,11/08/28
"mbc_1032","#Abcd1234","제갈정제","f","mbc_32@abcd.com","010-1234-1032","02-860-1234","08208","서울특별시 구로구 경인로65길 16-15 (신도림동, 신도림4차 e-편한세상)","서울특별시 구로구 신도림동 646 신도림4차 e-편한세상","1104동 2105호",86/08/29,13/04/01
"mbc_1097","#Abcd1234","배희제","f","mbc_97@abcd.com","010-1234-1097","02-860-1234","08288","서울특별시 구로구 새말로 93 (구로동, 신도림태영타운)","서울특별시 구로구 구로동 1267 신도림태영타운","109동 1608호",28/11/29,18/04/29
"mbc_1098","#Abcd1234","남궁남한","f","mbc_98@abcd.com","010-1234-1098","02-860-1234","07376","서울특별시 영등포구 도신로 31 (대림동, 현대3차아파트)","서울특별시 영등포구 대림동 608-1 현대3차아파트","303동 1213호",47/01/05,13/09/04
"mbc_1099","#Abcd1234","신갑섭","m","mbc_99@abcd.com","010-1234-1099","02-860-1234","08770","서울특별시 관악구 남부순환로 1430 (신림동, 신림푸르지오아파트)","서울특별시 관악구 신림동 1730 신림푸르지오아파트","116동 1302호",08/06/13,12/02/24
"mbc_1100","#Abcd1234","양순연","m","mbc_100@abcd.com","010-1234-1100","02-860-1234","08208","서울특별시 구로구 경인로65길 16-15 (신도림동, 신도림4차 e-편한세상)","서울특별시 구로구 신도림동 646 신도림4차 e-편한세상","1105동 2208호",91/11/20,20/12/01
